Model,Distance_from_Best,Distance_from_Worst,TOPSIS_Score,Rank
GPT-2,0.04858062783527371,0.09672320825509902,0.6656617668025044,3
GPT-Neo-1.3B,0.05709961295425445,0.056420564391999994,0.4970091283411968,1
T5-base,0.032118287941407274,0.08254636250912532,0.7198937264866699,4
BART-large,0.04781153885161955,0.06615281841797338,0.5804693678171934,2
LLaMA-2-7B,0.0968856445160671,0.04298200856343179,0.30730485295982907,6
Mistral-7B,0.08646086645996752,0.05001861917255128,0.3664918499709923,5
