Model,TOPSIS Score,Rank
GPT-Neo-1.3B,0.4970091283411968,1
BART-large,0.5804693678171934,2
GPT-2,0.6656617668025044,3
T5-base,0.7198937264866699,4
Mistral-7B,0.3664918499709923,5
LLaMA-2-7B,0.30730485295982907,6
